component	entry	rust_path	rust_symbol
xdb_manu3	0x000000	crates/commander-blood-game/src/native/manu3/model.rs	render_frame
bloodprg	0x002de2	crates/commander-blood-game/src/native/random.rs	BloodPrng::next
bloodprg	0x000986	crates/commander-blood-game/src/native/bloodprg/numbers.rs	packed_bcd_to_binary
bloodprg	0x002693	crates/commander-blood-game/src/assets.rs	OriginalResourceStore::source
bloodprg	0x00280f	crates/commander-blood-game/src/assets.rs	OriginalResourceStore::copy_to_loose
bloodprg	0x0028ca	crates/commander-blood-game/src/assets.rs	OriginalResourceStore::resource_len
bloodprg	0x002abb	crates/commander-blood-game/src/assets.rs	OriginalResourceStore::load
bloodprg	0x002bfd	crates/commander-blood-game/src/native/bloodprg/pbm_image.rs	decode_pbm_image
bloodprg	0x006023	crates/commander-blood-game/src/native/bloodprg/vm.rs	script_field_offset
bloodprg	0x006293	crates/commander-blood-formats/src/code.rs	scan_zero_terminated_payload
bloodprg	0x0062b6	crates/commander-blood-formats/src/code.rs	decode_script_token
bloodprg	0x006462	crates/commander-blood-game/src/native/bloodprg/script.rs	ScriptRuntime::fail_guard
bloodprg	0x006559	crates/commander-blood-game/src/native/bloodprg/script.rs	ScriptRuntime::begin_guard
bloodprg	0x006572	crates/commander-blood-game/src/native/bloodprg/script.rs	ScriptRuntime::end_guard
bloodprg	0x006596	crates/commander-blood-game/src/native/bloodprg/script.rs	ScriptRuntime::concept_guard
bloodprg	0x0065eb	crates/commander-blood-game/src/native/bloodprg/script.rs	ScriptRuntime::timer_state
xdb_manu3	0x000181	crates/commander-blood-game/src/native/manu3/animation.rs	select_animation
xdb_manu3	0x00019b	crates/commander-blood-game/src/native/manu3/animation.rs	step_tweens
xdb_manu3	0x0001df	crates/commander-blood-game/src/native/manu3/animation.rs	construct_tweens
xdb_manu3	0x000270	crates/commander-blood-game/src/native/manu3/geometry.rs	build_projection_matrices
xdb_manu3	0x000549	crates/commander-blood-game/src/native/manu3/geometry.rs	project_entities
xdb_manu3	0x000700	crates/commander-blood-game/src/native/manu3/raster.rs	sort_faces_into_buckets
xdb_manu3	0x000d7d	crates/commander-blood-game/src/native/manu3/raster.rs	face_is_active
bloodprg	0x006339	crates/commander-blood-game/src/native/bloodprg/presentation.rs	evaluate_text_conditions
bloodprg	0x00660c	crates/commander-blood-game/src/native/bloodprg/text_handler.rs	handle_text_instruction
bloodprg	0x006830	crates/commander-blood-game/src/native/bloodprg/procedure.rs	evaluate_procedure_gate
bloodprg	0x00684c	crates/commander-blood-game/src/native/bloodprg/procedure.rs	apply_procedure_activation
bloodprg	0x006863	crates/commander-blood-game/src/native/bloodprg/state.rs	apply_shared_state_operation
bloodprg	0x006902	crates/commander-blood-game/src/native/bloodprg/state.rs	apply_shared_bit_operation
bloodprg	0x005ff6	crates/commander-blood-game/src/native/bloodprg/aboard.rs	insert_aboard_object
bloodprg	0x006946	crates/commander-blood-game/src/native/bloodprg/record.rs	apply_direct_record_operation
bloodprg	0x006aa7	crates/commander-blood-game/src/native/bloodprg/state.rs	apply_bit_flag_operation
bloodprg	0x00604e	crates/commander-blood-game/src/native/bloodprg/vm.rs	active_objects_in_play
bloodprg	0x00624b	crates/commander-blood-game/src/native/bloodprg/navigation.rs	navigation_source_objects
bloodprg	0x0061a6	crates/commander-blood-game/src/native/bloodprg/navigation.rs	resolve_navigation_position
bloodprg	0x006c7e	crates/commander-blood-game/src/native/bloodprg/record_state.rs	apply_actor_record_operation
bloodprg	0x006eee	crates/commander-blood-game/src/native/bloodprg/record_state.rs	apply_presentation_queue_operation
bloodprg	0x006fb9	crates/commander-blood-game/src/native/bloodprg/record_state.rs	apply_record_clear_operation
bloodprg	0x006ff3	crates/commander-blood-game/src/native/bloodprg/ship_view.rs	select_ship_view_artwork
bloodprg	0x00721a	crates/commander-blood-game/src/native/bloodprg/navigation.rs	navigation_chart_objects
bloodprg	0x0072a8	crates/commander-blood-game/src/native/bloodprg/menu_reveal.rs	reveal_inline_menu_step
bloodprg	0x00739b	crates/commander-blood-game/src/native/bloodprg/text_scan.rs	activate_profile_object_text
bloodprg	0x007549	crates/commander-blood-game/src/native/bloodprg/descript.rs	stop_before_character_record
bloodprg	0x007557	crates/commander-blood-game/src/native/bloodprg/descript.rs	stop_before_sequence_record
bloodprg	0x00763e	crates/commander-blood-game/src/native/bloodprg/descript.rs	load_descript_sound_bank
bloodprg	0x007684	crates/commander-blood-game/src/native/bloodprg/descript.rs	append_descript_talk_clip
bloodprg	0x0076c0	crates/commander-blood-game/src/native/bloodprg/descript.rs	select_character_right_scene_video
bloodprg	0x0076d5	crates/commander-blood-game/src/native/bloodprg/descript.rs	select_character_left_scene_video
bloodprg	0x0076ea	crates/commander-blood-game/src/native/bloodprg/descript.rs	load_descript_idle_clip
bloodprg	0x007754	crates/commander-blood-game/src/native/bloodprg/descript.rs	append_descript_sequence_video
bloodprg	0x007776	crates/commander-blood-game/src/native/bloodprg/descript.rs	append_descript_sequence_subtitle
bloodprg	0x007788	crates/commander-blood-game/src/native/bloodprg/descript.rs	select_descript_character_sprite
bloodprg	0x0077a9	crates/commander-blood-game/src/native/bloodprg/descript.rs	select_descript_music
bloodprg	0x007409	crates/commander-blood-game/src/native/bloodprg/descript_lookup.rs	lookup_and_apply_descript_record
bloodprg	0x0077e0	crates/commander-blood-game/src/native/bloodprg/bridge_frame.rs	render_bridge_frame
bloodprg	0x007cb4	crates/commander-blood-game/src/native/bloodprg/selected_mask.rs	draw_presentation_choice_number
bloodprg	0x007ce8	crates/commander-blood-game/src/native/bloodprg/sequence_subtitles.rs	present_sequence_subtitle
bloodprg	0x0078d0	crates/commander-blood-game/src/native/bloodprg/presentation_hover.rs	update_presentation_hover
bloodprg	0x0079e5	crates/commander-blood-game/src/native/bloodprg/screen_presentation.rs	update_presentation_screen
bloodprg	0x00792d	crates/commander-blood-game/src/native/bloodprg/camera_navigation.rs	update_camera_navigation
bloodprg	0x007d7b	crates/commander-blood-game/src/native/bloodprg/actor_slots.rs	update_nav_actor_slots
bloodprg	0x007e1c	crates/commander-blood-game/src/native/bloodprg/presentation_line.rs	update_presentation_line
bloodprg	0x00813a	crates/commander-blood-game/src/native/bloodprg/actor_handler_palette.rs	update_ship_palette_actor
bloodprg	0x0081fb	crates/commander-blood-game/src/native/bloodprg/actor_handler_radio.rs	update_radio_actor
bloodprg	0x00817e	crates/commander-blood-game/src/native/bloodprg/actor_handler_panel.rs	update_panel_close_actor
bloodprg	0x008082	crates/commander-blood-game/src/native/bloodprg/actor_handler_camera.rs	update_camera_presentation_actor
bloodprg	0x007ec0	crates/commander-blood-game/src/native/bloodprg/actor_handler_black_hole.rs	update_black_hole_presentation_actor
bloodprg	0x007f9c	crates/commander-blood-game/src/native/bloodprg/actor_handler_hyperjump.rs	update_hyperjump_presentation_actor
bloodprg	0x008269	crates/commander-blood-game/src/native/bloodprg/bridge_input.rs	latch_primary_pointer_hit
bloodprg	0x008295	crates/commander-blood-game/src/native/bloodprg/bridge_input.rs	primary_pointer_hits_region
bloodprg	0x0082e8	crates/commander-blood-game/src/native/bloodprg/navigation_status.rs	update_navigation_status
bloodprg	0x008428	crates/commander-blood-game/src/native/bloodprg/choice_list.rs	update_choice_list
bloodprg	0x0085e2	crates/commander-blood-game/src/native/bloodprg/bridge_console.rs	update_bridge_console_dispatch
bloodprg	0x008963	crates/commander-blood-game/src/native/bloodprg/presentation_word_choice.rs	update_presentation_word_choice
bloodprg	0x008bab	crates/commander-blood-game/src/native/bloodprg/name_area_effect.rs	update_name_area_effect
bloodprg	0x009510	crates/commander-blood-game/src/native/bloodprg/presentation_mode.rs	update_presentation_bridge_mode
bloodprg	0x00954a	crates/commander-blood-game/src/native/bloodprg/bridge_page.rs	render_bridge_page
bloodprg	0x00959d	crates/commander-blood-game/src/native/bloodprg/bridge_screen.rs	initialize_bridge_screen
bloodprg	0x00963f	crates/commander-blood-game/src/native/bloodprg/actor_slots.rs	deactivate_nav_actor_slots
bloodprg	0x002d50	crates/commander-blood-formats/src/panorama.rs	decode_bridge_panorama_pixels
bloodprg	0x00981b	crates/commander-blood-game/src/native/bloodprg/bridge_panorama.rs	load_bridge_panorama_frame
bloodprg	0x0098b9	crates/commander-blood-game/src/native/bloodprg/ship_projection.rs	build_ship_projection_matrix
bloodprg	0x009a10	crates/commander-blood-game/src/native/bloodprg/ship_projection.rs	project_ship_point_cloud
bloodprg	0x009b04	crates/commander-blood-game/src/native/bloodprg/ship_projection.rs	plot_ship_point
bloodprg	0x009b67	crates/commander-blood-game/src/native/bloodprg/ship_projection.rs	randomize_ship_point_cloud
bloodprg	0x009b98	crates/commander-blood-game/src/native/bloodprg/ship_projection.rs	project_ship_object_sprites
bloodprg	0x009656	crates/commander-blood-game/src/native/bloodprg/bridge_steering.rs	update_bridge_steering
bloodprg	0x002dd3	crates/commander-blood-game/src/native/random.rs	BloodPrng::seed_from_clock_register
bloodprg	0x001fbc	crates/commander-blood-game/src/native/bloodprg/pointer_buttons.rs	update_pointer_button_edges
bloodprg	0x00210e	crates/commander-blood-game/src/native/bloodprg/input_dispatch.rs	dispatch_input_key
bloodprg	0x002203	crates/commander-blood-game/src/native/bloodprg/input_dispatch.rs	request_input_shutdown
bloodprg	0x0022e0	crates/commander-blood-game/src/native/bloodprg/palette_pipeline.rs	build_palette_blend_remap_table
bloodprg	0x00242d	crates/commander-blood-game/src/native/bloodprg/palette_pipeline.rs	build_banked_tint_table
bloodprg	0x00287b	crates/commander-blood-game/src/native/bloodprg/resource_cache.rs	OriginalResourceCache::load_by_id
bloodprg	0x003fc7	crates/commander-blood-game/src/native/bloodprg/resource_cache.rs	OriginalResourceCache::load_palette_resource
bloodprg	0x004086	crates/commander-blood-game/src/native/bloodprg/resource_cache.rs	decode_palette_resource
bloodprg	0x005288	crates/commander-blood-game/src/native/bloodprg/resource_cache.rs	OriginalResourceCache::release
bloodprg	0x005320	crates/commander-blood-game/src/native/bloodprg/resource_cache.rs	OriginalResourceCache::resolve
bloodprg	0x0053a0	crates/commander-blood-game/src/native/bloodprg/script_profile.rs	ScriptProfileManager::select
bloodprg	0x0064b8	crates/commander-blood-game/src/native/bloodprg/script_profile_request.rs	ScriptProfileRequestSlot::schedule
bloodprg	0x006494	crates/commander-blood-game/src/native/bloodprg/script_environment.rs	ScriptEnvironmentActivity::require_bridge
bloodprg	0x0064a0	crates/commander-blood-game/src/native/bloodprg/script_environment.rs	ScriptEnvironmentActivity::require_travel
bloodprg	0x0064ac	crates/commander-blood-game/src/native/bloodprg/script_environment.rs	ScriptEnvironmentActivity::require_contact
bloodprg	0x0064c0	crates/commander-blood-game/src/native/bloodprg/script.rs	ScriptRuntime::clear_alternate_resume_state
bloodprg	0x005791	crates/commander-blood-game/src/native/bloodprg/script_selector.rs	commit_selected_concept
bloodprg	0x005a74	crates/commander-blood-game/src/native/bloodprg/actor_position_state.rs	update_actor_position_states
bloodprg	0x0055a4	crates/commander-blood-game/src/native/bloodprg/script_frame.rs	execute_decoded_script_frame
bloodprg	0x005816	crates/commander-blood-game/src/native/bloodprg/presentation_scan.rs	scan_script_presentations
bloodprg	0x005b38	crates/commander-blood-game/src/native/bloodprg/script_action.rs	dispatch_script_action
bloodprg	0x00afa0	crates/commander-blood-game/src/native/bloodprg/ship_presentation.rs	update_ship_presentation
bloodprg	0x0093f5	crates/commander-blood-game/src/native/bloodprg/subtitle_reveal.rs	update_subtitle_reveal
bloodprg	0x008cce	crates/commander-blood-game/src/native/bloodprg/navigation_camera.rs	update_navigation_camera
bloodprg	0x00b7e3	crates/commander-blood-game/src/native/bloodprg/audio_events.rs	process_audio_events
bloodprg	0x00c005	crates/commander-blood-game/src/native/bloodprg/audio_bank.rs	load_sound_bank
bloodprg	0x00b8cd	crates/commander-blood-game/src/native/bloodprg/audio_playback.rs	update_audio_playback
bloodprg	0x00bbb3	crates/commander-blood-game/src/native/bloodprg/audio_stream.rs	start_audio_stream
bloodprg	0x00bc50	crates/commander-blood-game/src/native/bloodprg/audio_stream.rs	refill_audio_stream
bloodprg	0x00093b	crates/commander-blood-game/src/native/bloodprg/clock.rs	decode_script_clock_hour
bloodprg	0x000950	crates/commander-blood-game/src/native/bloodprg/clock.rs	decode_script_clock_date
bloodprg	0x000813	crates/commander-blood-game/src/native/bloodprg/timer.rs	advance_game_timer_tick
bloodprg	0x000d0e	crates/commander-blood-game/src/native/bloodprg/pointer_buttons.rs	update_pointer_sample
bloodprg	0x001344	crates/commander-blood-game/src/native/bloodprg/cd_audio.rs	prepare_cd_audio
bloodprg	0x00178b	crates/commander-blood-game/src/native/bloodprg/palette_update.rs	take_palette_upload_request
bloodprg	0x001e5d	crates/commander-blood-game/src/native/bloodprg/frame_transition.rs	advance_framebuffer_rect_transition
bloodprg	0x001f78	crates/commander-blood-game/src/native/bloodprg/palette_update.rs	advance_palette_transition
bloodprg	0x00149b	crates/commander-blood-game/src/native/bloodprg/vm.rs	increment_object_access_counters
bloodprg	0x001610	crates/commander-blood-game/src/native/bloodprg/manu3_hand.rs	update_manu3_hand_frame
bloodprg	0x0014ca	crates/commander-blood-game/src/native/bloodprg/confirm_dialog.rs	update_confirm_dialog
bloodprg	0x001a93	crates/commander-blood-game/src/native/bloodprg/hud_refresh.rs	build_pause_hud_refresh
bloodprg	0x001ec1	crates/commander-blood-game/src/native/bloodprg/presentation_run.rs	run_presentation_line_zero
bloodprg	0x001f10	crates/commander-blood-game/src/native/bloodprg/presentation_run.rs	run_presentation_line_one_stream
bloodprg	0x0017d9	crates/commander-blood-game/src/native/bloodprg/pbm_image.rs	decode_chart_back_buffer
bloodprg	0x001b4b	crates/commander-blood-game/src/native/bloodprg/save_load_menu.rs	update_save_load_menu
bloodprg	0x0041d1	crates/commander-blood-game/src/native/bloodprg/sprite_geometry.rs	advance_bridge_sprite_state
bloodprg	0x0016a7	crates/commander-blood-game/src/native/bloodprg/startup_prepare.rs	prepare_startup_writable_resources
bloodprg	0x000eb0	crates/commander-blood-game/src/native/bloodprg/game_lifecycle.rs	run_game_lifecycle
bloodprg	0x003dbf	crates/commander-blood-game/src/native/bloodprg/framebuffer_copy.rs	fill_back_buffer_band
bloodprg	0x003e46	crates/commander-blood-game/src/native/bloodprg/framebuffer_copy.rs	copy_full_frame_to_display
bloodprg	0x0040d0	crates/commander-blood-game/src/native/bloodprg/sprite_geometry.rs	populate_bridge_sprite_from_cache
bloodprg	0x00414e	crates/commander-blood-game/src/native/bloodprg/sprite_geometry.rs	populate_bridge_sprite_from_resolved_resource
bloodprg	0x0043f7	crates/commander-blood-game/src/native/bloodprg/sprite_geometry.rs	commit_bridge_sprite_dirty_range
bloodprg	0x004471	crates/commander-blood-game/src/native/bloodprg/sprite_geometry.rs	render_bridge_sprite_dirty_range
bloodprg	0x004536	crates/commander-blood-game/src/native/bloodprg/sprite_blitter.rs	blit_raw_transparent_sprite
bloodprg	0x0046bc	crates/commander-blood-game/src/native/bloodprg/sprite_blitter.rs	blit_rle_transparent_sprite
bloodprg	0x00509d	crates/commander-blood-game/src/native/bloodprg/framebuffer_copy.rs	copy_dirty_regions_to_display
bloodprg	0x0030cd	crates/commander-blood-game/src/native/bloodprg/font.rs	measure_game_text_width
bloodprg	0x0032ac	crates/commander-blood-game/src/native/bloodprg/raster_primitives.rs	draw_horizontal_span
bloodprg	0x003321	crates/commander-blood-game/src/native/bloodprg/raster_primitives.rs	draw_vertical_span
bloodprg	0x00339e	crates/commander-blood-game/src/native/bloodprg/raster_primitives.rs	remap_framebuffer_rect
bloodprg	0x003c6c	crates/commander-blood-game/src/native/bloodprg/raster_primitives.rs	fill_framebuffer_rect
bloodprg	0x0039bb	crates/commander-blood-game/src/native/bloodprg/raster_primitives.rs	draw_planar_horizontal_span
bloodprg	0x003ab3	crates/commander-blood-game/src/native/bloodprg/raster_primitives.rs	draw_planar_vertical_span
bloodprg	0x003b45	crates/commander-blood-game/src/native/bloodprg/raster_primitives.rs	draw_rect_outline
bloodprg	0x003b85	crates/commander-blood-game/src/native/bloodprg/raster_primitives.rs	draw_framebuffer_noise_rect
bloodprg	0x003066	crates/commander-blood-game/src/native/bloodprg/font.rs	draw_bios_font_text
bloodprg	0x003106	crates/commander-blood-game/src/native/bloodprg/font.rs	draw_square_caps_text
bloodprg	0x00356e	crates/commander-blood-game/src/native/bloodprg/font.rs	draw_planar_dialogue_text
bloodprg	0x003630	crates/commander-blood-game/src/native/bloodprg/font.rs	draw_subtitle_reveal_line
bloodprg	0x00a1f3	crates/commander-blood-game/src/native/bloodprg/presentation_queue.rs	PresentationQueueState::refill_with_rollover_latch
bloodprg	0x00a240	crates/commander-blood-game/src/native/bloodprg/presentation_queue.rs	presentation_queue_advance_due
bloodprg	0x00a2dd	crates/commander-blood-game/src/native/bloodprg/presentation_queue.rs	PresentationQueueState::finish_source
bloodprg	0x00a38e	crates/commander-blood-game/src/native/bloodprg/presentation_queue.rs	PresentationQueueState::begin_entry
bloodprg	0x00a3ad	crates/commander-blood-game/src/native/bloodprg/presentation_queue.rs	PresentationQueueState::has_room
bloodprg	0x00a3d0	crates/commander-blood-game/src/native/bloodprg/presentation_queue.rs	PresentationQueueState::consume_entry
bloodprg	0x00a40b	crates/commander-blood-game/src/native/bloodprg/presentation_queue.rs	PresentationQueueState::source_open_or_draining
bloodprg	0x00a634	crates/commander-blood-game/src/native/bloodprg/presentation_queue.rs	presentation_resource_enabled
bloodprg	0x00a734	crates/commander-blood-game/src/native/bloodprg/presentation_queue.rs	PresentationQueueState::enqueue
bloodprg	0x00a73e	crates/commander-blood-game/src/native/bloodprg/presentation_queue.rs	PresentationQueueState::initialize_bounds
bloodprg	0x00a757	crates/commander-blood-game/src/native/bloodprg/presentation_queue.rs	PresentationQueueState::reset
bloodprg	0x009f80	crates/commander-blood-game/src/native/bloodprg/presentation_resource.rs	presentation_resource_descriptor
bloodprg	0x00a0c3	crates/commander-blood-game/src/native/bloodprg/presentation_resource.rs	apply_presentation_palette_blocks
bloodprg	0x00a117	crates/commander-blood-game/src/native/bloodprg/presentation_resource.rs	synchronize_presentation_palette_snapshot
bloodprg	0x00a141	crates/commander-blood-game/src/native/bloodprg/presentation_resource.rs	close_owned_presentation_source
bloodprg	0x00a778	crates/commander-blood-game/src/native/bloodprg/presentation_resource.rs	apply_presentation_palette_blocks
bloodprg	0x00a622	crates/commander-blood-game/src/native/bloodprg/presentation_source.rs	read_presentation_entry_extent
bloodprg	0x00a642	crates/commander-blood-game/src/native/bloodprg/presentation_source.rs	load_initial_presentation_entry
bloodprg	0x00a664	crates/commander-blood-game/src/native/bloodprg/presentation_source.rs	append_presentation_source_bytes
bloodprg	0x00a4ed	crates/commander-blood-game/src/native/bloodprg/presentation_raster.rs	blit_presentation_rect
bloodprg	0x00aabc	crates/commander-blood-game/src/native/bloodprg/presentation_decode.rs	decode_presentation_pair_lz
bloodprg	0x00a914	crates/commander-blood-game/src/native/bloodprg/presentation_ad.rs	decode_presentation_ad
bloodprg	0x00a82c	crates/commander-blood-game/src/native/bloodprg/presentation_dispatch.rs	decode_presentation_payload
bloodprg	0x00a20c	crates/commander-blood-game/src/native/bloodprg/presentation_queue.rs	presentation_entry_activation_request
bloodprg	0x00a552	crates/commander-blood-game/src/native/bloodprg/presentation_entry.rs	activate_presentation_entry
bloodprg	0x00a41a	crates/commander-blood-game/src/native/bloodprg/presentation_present.rs	present_active_entry
bloodprg	0x009f8e	crates/commander-blood-game/src/native/bloodprg/presentation_stream.rs	switch_presentation_resource
bloodprg	0x00a2ab	crates/commander-blood-game/src/native/bloodprg/presentation_refill.rs	refill_presentation_queue
bloodprg	0x00a15f	crates/commander-blood-game/src/native/bloodprg/presentation_sequence_load.rs	load_presentation_resource_sequence
bloodprg	0x00a1b4	crates/commander-blood-game/src/native/bloodprg/presentation_queue_service.rs	service_presentation_queue
bloodprg	0x009d10	crates/commander-blood-game/src/native/bloodprg/presentation_scene_dispatch.rs	dispatch_presentation_scene
