entry	source	write_semantics	canonical_owner	rust_path	evidence
0x000eb0	seg_008b/func_000eb0_bloodprg_main.c	assign_startup_interface	GameLifecycleState	crates/commander-blood-game/src/native/bloodprg/game_lifecycle.rs	runtime::game_lifecycle::tests::only_native_ui_bit_two_constrains_bridge_steering
0x0014ca	seg_008b/func_0014ca_confirm_dialog_step.c	or_and_clear_modal	RuntimeConfirmDialog	crates/commander-blood-game/src/runtime/confirm_dialog.rs	runtime::confirm_dialog::tests::affirmative_selection_draws_and_updates_flat_lifecycle_state
0x001855	seg_008b/func_001855_scene_transition_step.c	assign_transition_ui_word	RuntimeSceneTransition	crates/commander-blood-game/src/runtime/scene_transition.rs	runtime::scene_transition::tests::scene_transition_applies_native_full_ui_word_assignments
0x001ad3	seg_008b/func_001ad3_presentation_choice_transition_step.c	or_and_clear_modal	RuntimeTextSpeedMenu	crates/commander-blood-game/src/runtime/bridge_console.rs	runtime::bridge_console::tests::text_speed_choice_synchronizes_the_native_modal_ui_bit
0x001b4b	seg_008b/func_001b4b_save_load_menu_step.c	or_and_clear_modal	RuntimeSaveLoad	crates/commander-blood-game/src/runtime/save_load.rs	runtime::save_load::tests::save_load_boundary_preserves_and_releases_the_shared_modal_ui_owner
0x00792d	seg_071e/func_00792d_camera_nav_update.c	or_modal_then_clear_ui_word	RuntimeCameraNavigation	crates/commander-blood-game/src/runtime/camera_navigation.rs	runtime::camera_navigation::tests::destination_entry_reproduces_the_native_full_ui_word_clear
0x0079e5	seg_071e/func_0079e5_screen_mode_update.c	clear_modal_on_finalize	RuntimePresentationScreen	crates/commander-blood-game/src/runtime/services.rs	runtime::services::tests::presentation_screen_redraw_latch_owns_the_native_modal_ui_bit;native::bloodprg::screen_presentation::tests::lifecycle_state_replaces_unexplained_native_state_numbers
0x007d7b	seg_071e/func_007d7b_nav_actor_slot_update_loop.c	or_navigation_busy	RuntimeBridgeActors	crates/commander-blood-game/src/runtime/bridge_actors.rs	runtime::bridge_actors::tests::bridge_seek_owns_native_ui_bit_three_for_its_exact_lifetime
0x007e1c	seg_071e/func_007e1c_presentation_line_helper.c	or_and_clear_modal	RuntimeBridgeActors	crates/commander-blood-game/src/runtime/bridge_actors.rs	runtime::services::tests::real_services_run_the_complete_available_startup_slice
0x007ec0	seg_071e/func_007ec0_nav_actor_handler_1.c	or_modal	RuntimeBridgeActors	crates/commander-blood-game/src/runtime/bridge_actors.rs	native::bloodprg::actor_handler_black_hole::tests::actor_matches_every_original_semantic_vector
0x007f9c	seg_071e/func_007f9c_nav_actor_handler_0.c	or_modal	RuntimeBridgeActors	crates/commander-blood-game/src/runtime/bridge_actors.rs	native::bloodprg::actor_handler_hyperjump::tests::actor_matches_every_original_semantic_vector
0x008082	seg_071e/func_008082_nav_actor_handler_5.c	or_clear_and_reor_modal	RuntimeBridgeActors	crates/commander-blood-game/src/runtime/bridge_actors.rs	native::bloodprg::actor_handler_camera::tests::actor_matches_every_original_semantic_vector
0x00817e	seg_071e/func_00817e_nav_actor_handler_3.c	or_modal	RuntimeBridgeActors	crates/commander-blood-game/src/runtime/bridge_actors.rs	native::bloodprg::actor_handler_panel::tests::actor_matches_every_original_semantic_vector
0x0081fb	seg_071e/func_0081fb_nav_actor_handler_4.c	or_modal	RuntimeBridgeActors	crates/commander-blood-game/src/runtime/bridge_actors.rs	native::bloodprg::actor_handler_radio::tests::actor_matches_every_original_semantic_vector
0x0085e2	seg_071e/func_0085e2_nav_choice_dispatch.c	or_modal_and_navigation_busy	RuntimeBridgeConsole	crates/commander-blood-game/src/runtime/bridge_console.rs	runtime::bridge_console::tests::selected_console_command_owns_the_native_modal_ui_bit
0x00872c	seg_071e/func_00872c_nav_choice_handler_1.c	clear_modal	RuntimeBridgeConsole	crates/commander-blood-game/src/runtime/bridge_console.rs	runtime::bridge_console::tests::selected_console_command_owns_the_native_modal_ui_bit
0x0087bd	seg_071e/func_0087bd_nav_choice_handler_2.c	clear_modal	RuntimeBridgeConsole	crates/commander-blood-game/src/runtime/bridge_console.rs	runtime::bridge_console::tests::selected_console_command_owns_the_native_modal_ui_bit
0x00886c	seg_071e/func_00886c_nav_choice_handler_4.c	clear_modal	RuntimeBridgeConsole	crates/commander-blood-game/src/runtime/bridge_console.rs	runtime::bridge_console::tests::selected_console_command_owns_the_native_modal_ui_bit
0x008963	seg_071e/func_008963_presentation_ready_gate.c	or_modal_on_open	RuntimePresentationWordChoice	crates/commander-blood-game/src/runtime/word_choice.rs	runtime::word_choice::tests::completed_word_choice_leaves_the_modal_bit_for_the_next_bridge_owner
0x008a4e	seg_071e/func_008a4e_camera_fsm_state_gate.c	or_and_clear_modal	RuntimeCameraApproach	crates/commander-blood-game/src/runtime/camera_approach.rs	runtime::camera_approach::tests::camera_approach_owns_the_native_modal_ui_bit_for_its_exact_lifetime;native::bloodprg::camera_approach::tests::every_original_camera_approach_vector_matches
0x008cce	seg_071e/func_008cce_nav_camera_state_check.c	or_modal	RuntimeNavigationChart	crates/commander-blood-game/src/runtime/navigation_chart.rs	runtime::navigation_chart::tests::active_navigation_chart_ors_native_ui_bit_two
0x009510	seg_071e/func_009510_presentation_mode_bits_update.c	assign_typed_panorama_mode	ModernGameServices::bridge_presentation_mode	crates/commander-blood-game/src/runtime/services.rs	native::bloodprg::presentation_mode::tests::semantic_modes_match_every_original_state_word_vector
0x00afa0	seg_0a9a/func_00afa0_ship_presentation_fsm.c	clear_ui_word_on_initialize	ShipPresentationState	crates/commander-blood-game/src/runtime/ship_presentation.rs	runtime::ship_presentation::tests::phone_presentation_initialization_clears_the_canonical_ui_word
0x00b079	seg_0a9a/func_00b079_ship_3d_hud_init.c	or_navigation_busy	RuntimeShipHud	crates/commander-blood-game/src/runtime/ship_hud.rs	runtime::ship_hud::tests::hud_boundary_synchronizes_only_the_canonical_low_ui_bits;native::bloodprg::ship_hud_coordinator::tests::hud_coordinator_matches_every_original_vector
0x00b34e	seg_0a9a/func_00b34e_ship_3d_navigation_update.c	or_modal_and_assign_reset_ui	RuntimeShipNavigation	crates/commander-blood-game/src/runtime/ship_navigation.rs	runtime::ship_navigation::tests::navigation_boundary_synchronizes_only_the_canonical_low_ui_bits;native::bloodprg::ship_navigation::tests::navigation_coordinator_matches_every_original_vector
