# Ordinary PLAY, normal Daddy conversation ending, then Tempest landing.
wait 10
click 160 100
wait 30
click 160 100
wait 30
park 316 45
wait 10
click 230 88
wait 100
click 185 94
wait 100
park 4 45
wait 20
click 230 117
wait 100
click 100 94
wait 100
click 185 90
wait 200
click 185 90
wait 200
click 185 101
wait 200
click 185 101
wait 200
click 185 90
wait 200
click 185 74
wait 300
park 4 45
wait 10
click 230 152
wait 40
click 100 82
wait 10
park 4 0
wait 20
click 150 150
wait 40
click 16 110
wait 60
click 250 125
wait 200
click 80 104
wait 200
