# BBB: ordinary Daddy teleportation route, then save/load a disposable slot.
wait 150
click 160 150
wait 20
park 316 45
wait 10
click 230 88
wait 100
click 185 94
wait 100
park 4 45
wait 20
click 230 117
wait 100
click 100 94
wait 100
click 185 90
wait 200
click 185 90
wait 200
click 185 101
wait 200
click 185 101
wait 200
click 185 90
wait 200
click 185 74
wait 300
park 4 45
wait 10
click 230 152
wait 40
click 100 104
wait 10
key 30 97
wait 2
key 48 98
wait 2
key 28 13
wait 10
click 230 152
wait 10
click 100 115
wait 10
click 100 43
wait 60
park 4 45
wait 10
