# Load the mutation checkpoint, pass the first-call TV detour, and solve the League puzzle.
wait 150
click 160 150
wait 20
park 4 45
wait 20
click 230 152
wait 40
click 100 115
wait 10
click 100 43
wait 60
park 4 45
wait 10
click 230 104
wait 40
click 100 94
wait 600
park 4 45
wait 10
click 230 104
wait 40
click 100 94
wait 600
click 200 104
wait 300
# Bernie follows the League on this checkpoint; answer his honesty riddle.
click 200 104
wait 300
park 4 45
wait 10
click 230 152
wait 40
click 100 104
wait 10
key 23 105
key 28 13
wait 20
