module	entry	function	oracle_status	coverage_status	instruction_count	executed_instruction_count	conditional_branch_count	branch_edge_count	covered_branch_edge_count	missing_branch_edges
amer	0x000b37	xdb_amer_slot1_wave_update	natural_candidate_oracle_verified_codegen_mismatch	complete	35	35	3	6	6	-
amer	0x000bd0	xdb_amer_slot1_finish_update	natural_candidate_compiled_raw_control_flow_reviewed	no_direct_original_execution	7	0	0	0	0	-
amer	0x000c5d	xdb_amer_slot1_camera_update	natural_candidate_compiled_raw_control_flow_reviewed	no_direct_original_execution	12	0	0	0	0	-
amer	0x000c81	xdb_amer_slot1_motion_update	natural_candidate_compiled_raw_control_flow_reviewed	no_direct_original_execution	10	0	1	2	0	0x0c94->0x0c96,0x0c94->0x0ca0
amer	0x000ca1	xdb_amer_slot1_return_update	natural_candidate_compiled_raw_control_flow_reviewed	no_direct_original_execution	4	0	1	2	0	0x0ca4->0x0ca6,0x0ca4->0x0cab
amer	0x000bea	xdb_amer_slot1_state_update	natural_candidate_dos_linked_raw_control_flow_reviewed	no_direct_original_execution	27	0	6	12	0	0x0bf1->0x0bf5,0x0bf1->0x0cac,0x0bfb->0x0bff,0x0bfb->0x0cac,0x0c02->0x0c06,0x0c02->0x0cac,0x0c0c->0x0c10,0x0c0c->0x0cac,0x0c13->0x0c17,0x0c13->0x0cac,0x0c24->0x0c26,0x0c24->0x0c5d
amer	0x000cac	xdb_amer_slot1_motion_continuation	natural_candidate_dos_linked_raw_control_flow_reviewed	no_direct_original_execution	62	0	6	12	0	0x0cb4->0x0cb6,0x0cb4->0x0d2f,0x0ccc->0x0cce,0x0ccc->0x0cf0,0x0cd5->0x0cd7,0x0cd5->0x0cf0,0x0ce5->0x0ce7,0x0ce5->0x0cf0,0x0cee->0x0cf0,0x0cee->0x0d05,0x0d17->0x0d19,0x0d17->0x0d1b
amer	0x0012b3	xdb_amer_slot3_initial_update	natural_candidate_compiled_raw_control_flow_reviewed	no_direct_original_execution	114	0	8	16	0	0x12df->0x12e1,0x12df->0x12e2,0x12ef->0x12f3,0x12ef->0x13a5,0x130f->0x1311,0x130f->0x131b,0x131e->0x1320,0x131e->0x132c,0x1333->0x1335,0x1333->0x1342,0x1346->0x1348,0x1346->0x135b,0x1365->0x1367,0x1365->0x1383,0x1387->0x1389,0x1387->0x13a4
amer	0x001414	xdb_amer_slot3_update	natural_candidate_dos_linked_raw_control_flow_reviewed	no_direct_original_execution	87	0	13	26	0	0x1436->0x1438,0x1436->0x144d,0x1449->0x144d,0x1449->0x1514,0x1452->0x1456,0x1452->0x14ff,0x145c->0x1460,0x145c->0x14ff,0x1466->0x146a,0x1466->0x14ff,0x146d->0x1471,0x146d->0x14ff,0x1477->0x147b,0x1477->0x14ff,0x147e->0x1480,0x147e->0x14ff,0x148e->0x1490,0x148e->0x1496,0x14a4->0x14a6,0x14a4->0x14ff,0x151b->0x151f,0x151b->0x15db,0x153e->0x1540,0x153e->0x1558,0x1555->0x154b,0x1555->0x1557
amer	0x001c34	xdb_amer_resume_1c34	natural_candidate_dos_linked_raw_control_flow_reviewed	no_direct_original_execution	19	0	1	2	0	0x1c43->0x1c45,0x1c43->0x1c67
amer	0x001c03	xdb_amer_resume_apply_object_delta	natural_candidate_dos_linked_raw_control_flow_reviewed	no_direct_original_execution	17	0	2	4	0	0x1c25->0x1c27,0x1c25->0x1c29,0x1c2c->0x1c2e,0x1c2c->0x1c30
amer	0x001c7d	xdb_amer_resume_stage_pair	natural_candidate_dos_linked_raw_control_flow_reviewed	no_direct_original_execution	23	0	1	2	0	0x1c9f->0x1ca1,0x1c9f->0x1ca2
amer	0x001cbf	xdb_amer_resume_stage_timeout	natural_candidate_dos_linked_raw_control_flow_reviewed	no_direct_original_execution	5	0	1	2	0	0x1cc7->0x1cc9,0x1cc7->0x1cce
amer	0x001ccf	xdb_amer_resume_stage_final	natural_candidate_dos_linked_raw_control_flow_reviewed	no_direct_original_execution	14	0	1	2	0	0x1ce4->0x1ce6,0x1ce4->0x1ce7
amer	0x001cfa	xdb_amer_resume_pair_outside	natural_candidate_dos_linked_raw_control_flow_reviewed	no_direct_original_execution	42	0	7	14	0	0x1d20->0x1d22,0x1d20->0x1d3d,0x1d25->0x1d27,0x1d25->0x1d3d,0x1d2b->0x1d2d,0x1d2b->0x1d3d,0x1d31->0x1d33,0x1d31->0x1d3d,0x1d36->0x1d38,0x1d36->0x1d3d,0x1d3b->0x1d3d,0x1d3b->0x1d77,0x1d68->0x1d6a,0x1d68->0x1d70
croolis	0x001b85	xdb_croolis_resume_1b85	natural_candidate_dos_linked_raw_control_flow_reviewed	no_direct_original_execution	18	0	1	2	0	0x1b94->0x1b96,0x1b94->0x1bb3
croolis	0x001b5f	xdb_croolis_resume_apply_object_delta	natural_candidate_dos_linked_raw_control_flow_reviewed	no_direct_original_execution	15	0	2	4	0	0x1b76->0x1b78,0x1b76->0x1b7a,0x1b7d->0x1b7f,0x1b7d->0x1b81
croolis	0x001bc9	xdb_croolis_resume_stage_pair	natural_candidate_dos_linked_raw_control_flow_reviewed	no_direct_original_execution	23	0	1	2	0	0x1beb->0x1bed,0x1beb->0x1bee
croolis	0x001c0b	xdb_croolis_resume_stage_timeout	natural_candidate_dos_linked_raw_control_flow_reviewed	no_direct_original_execution	5	0	1	2	0	0x1c13->0x1c15,0x1c13->0x1c1a
croolis	0x001c1b	xdb_croolis_resume_stage_final	natural_candidate_dos_linked_raw_control_flow_reviewed	no_direct_original_execution	14	0	1	2	0	0x1c30->0x1c32,0x1c30->0x1c33
croolis	0x001c46	xdb_croolis_resume_pair_outside	natural_candidate_dos_linked_raw_control_flow_reviewed	no_direct_original_execution	42	0	7	14	0	0x1c6d->0x1c6f,0x1c6d->0x1c8b,0x1c73->0x1c75,0x1c73->0x1c8b,0x1c79->0x1c7b,0x1c79->0x1c8b,0x1c7f->0x1c81,0x1c7f->0x1c8b,0x1c84->0x1c86,0x1c84->0x1c8b,0x1c89->0x1c8b,0x1c89->0x1cc5,0x1cb6->0x1cb8,0x1cb6->0x1cbe
scrut	0x001c45	xdb_scrut_resume_1c45	natural_candidate_dos_linked_raw_control_flow_reviewed	no_direct_original_execution	18	0	1	2	0	0x1c54->0x1c56,0x1c54->0x1c73
scrut	0x001c14	xdb_scrut_resume_apply_object_delta	natural_candidate_dos_linked_raw_control_flow_reviewed	no_direct_original_execution	17	0	2	4	0	0x1c36->0x1c38,0x1c36->0x1c3a,0x1c3d->0x1c3f,0x1c3d->0x1c41
scrut	0x001c89	xdb_scrut_resume_stage_pair	natural_candidate_dos_linked_raw_control_flow_reviewed	no_direct_original_execution	23	0	1	2	0	0x1cab->0x1cad,0x1cab->0x1cae
scrut	0x001ccb	xdb_scrut_resume_stage_timeout	natural_candidate_dos_linked_raw_control_flow_reviewed	no_direct_original_execution	5	0	1	2	0	0x1cd3->0x1cd5,0x1cd3->0x1cda
scrut	0x001cdb	xdb_scrut_resume_stage_final	natural_candidate_dos_linked_raw_control_flow_reviewed	no_direct_original_execution	14	0	1	2	0	0x1cf0->0x1cf2,0x1cf0->0x1cf3
scrut	0x001d06	xdb_scrut_resume_pair_outside	natural_candidate_dos_linked_raw_control_flow_reviewed	no_direct_original_execution	42	0	7	14	0	0x1d2d->0x1d2f,0x1d2d->0x1d4b,0x1d33->0x1d35,0x1d33->0x1d4b,0x1d39->0x1d3b,0x1d39->0x1d4b,0x1d3f->0x1d41,0x1d3f->0x1d4b,0x1d44->0x1d46,0x1d44->0x1d4b,0x1d49->0x1d4b,0x1d49->0x1d85,0x1d76->0x1d78,0x1d76->0x1d7e
croolis	0x00146c	xdb_croolis_slot3_update	natural_candidate_dos_linked_raw_control_flow_reviewed	no_direct_original_execution	87	0	13	26	0	0x148e->0x1490,0x148e->0x14a5,0x14a1->0x14a5,0x14a1->0x156c,0x14aa->0x14ae,0x14aa->0x1557,0x14b4->0x14b8,0x14b4->0x1557,0x14be->0x14c2,0x14be->0x1557,0x14c5->0x14c9,0x14c5->0x1557,0x14cf->0x14d3,0x14cf->0x1557,0x14d6->0x14d8,0x14d6->0x1557,0x14e6->0x14e8,0x14e6->0x14ee,0x14fc->0x14fe,0x14fc->0x1557,0x1573->0x1577,0x1573->0x1633,0x1596->0x1598,0x1596->0x15b0,0x15ad->0x15a3,0x15ad->0x15af
scrut	0x00145a	xdb_scrut_slot3_update	natural_candidate_dos_linked_raw_control_flow_reviewed	no_direct_original_execution	87	0	13	26	0	0x147c->0x147e,0x147c->0x1493,0x148f->0x1493,0x148f->0x155a,0x1498->0x149c,0x1498->0x1545,0x14a2->0x14a6,0x14a2->0x1545,0x14ac->0x14b0,0x14ac->0x1545,0x14b3->0x14b7,0x14b3->0x1545,0x14bd->0x14c1,0x14bd->0x1545,0x14c4->0x14c6,0x14c4->0x1545,0x14d4->0x14d6,0x14d4->0x14dc,0x14ea->0x14ec,0x14ea->0x1545,0x1561->0x1565,0x1561->0x1621,0x1584->0x1586,0x1584->0x159e,0x159b->0x1591,0x159b->0x159d
croolis	0x00130b	xdb_croolis_slot3_initial_update	natural_candidate_compiled_raw_control_flow_reviewed	no_direct_original_execution	114	0	8	16	0	0x1337->0x1339,0x1337->0x133a,0x1347->0x134b,0x1347->0x13fd,0x1367->0x1369,0x1367->0x1373,0x1376->0x1378,0x1376->0x1384,0x138b->0x138d,0x138b->0x139a,0x139e->0x13a0,0x139e->0x13b3,0x13bd->0x13bf,0x13bd->0x13db,0x13df->0x13e1,0x13df->0x13fc
scrut	0x0012f9	xdb_scrut_slot3_initial_update	natural_candidate_compiled_raw_control_flow_reviewed	no_direct_original_execution	114	0	8	16	0	0x1325->0x1327,0x1325->0x1328,0x1335->0x1339,0x1335->0x13eb,0x1355->0x1357,0x1355->0x1361,0x1364->0x1366,0x1364->0x1372,0x1379->0x137b,0x1379->0x1388,0x138c->0x138e,0x138c->0x13a1,0x13ab->0x13ad,0x13ab->0x13c9,0x13cd->0x13cf,0x13cd->0x13ea
amer	0x001558	xdb_amer_slot3_restart_initial_update	natural_candidate_oracle_verified_dos_linked	complete	12	12	0	0	0	-
amer	0x00158a	xdb_amer_slot3_resume_callback	natural_candidate_oracle_verified_dos_linked	complete	14	14	0	0	0	-
amer	0x0015db	xdb_amer_slot3_capture_resume_state	natural_candidate_oracle_verified_dos_linked	complete	10	10	0	0	0	-
amer	0x001614	xdb_amer_slot3_ring_zero_callback	natural_candidate_oracle_verified_dos_linked	complete	12	12	1	2	2	-
croolis	0x0015b0	xdb_croolis_slot3_restart_initial_update	natural_candidate_oracle_verified_dos_linked	complete	12	12	0	0	0	-
croolis	0x0015e2	xdb_croolis_slot3_resume_callback	natural_candidate_oracle_verified_dos_linked	complete	14	14	0	0	0	-
croolis	0x001633	xdb_croolis_slot3_capture_resume_state	natural_candidate_oracle_verified_dos_linked	complete	10	10	0	0	0	-
croolis	0x00166c	xdb_croolis_slot3_ring_zero_callback	natural_candidate_oracle_verified_dos_linked	complete	12	12	1	2	2	-
scrut	0x00159e	xdb_scrut_slot3_restart_initial_update	natural_candidate_oracle_verified_dos_linked	complete	12	12	0	0	0	-
scrut	0x0015d0	xdb_scrut_slot3_resume_callback	natural_candidate_oracle_verified_dos_linked	complete	14	14	0	0	0	-
scrut	0x001621	xdb_scrut_slot3_capture_resume_state	natural_candidate_oracle_verified_dos_linked	complete	10	10	0	0	0	-
scrut	0x00165a	xdb_scrut_slot3_ring_zero_callback	natural_candidate_oracle_verified_dos_linked	complete	12	12	1	2	2	-
amer	0x000000	xdb_amer_api_entry	natural_candidate_oracle_verified_codegen_mismatch	complete	56	56	2	4	4	-
croolis	0x000000	xdb_croolis_api_entry	natural_candidate_oracle_verified_codegen_mismatch	complete	56	56	2	4	4	-
scrut	0x000000	xdb_scrut_api_entry	natural_candidate_oracle_verified_codegen_mismatch	complete	56	56	2	4	4	-
amer	0x0000a3	xdb_amer_main	natural_candidate_oracle_verified_codegen_mismatch	branch_incomplete	117	117	11	22	20	0x01fb->0x0212,0x0218->0x0121
croolis	0x0000a3	xdb_croolis_main	natural_candidate_oracle_verified_codegen_mismatch	branch_incomplete	118	118	11	22	20	0x0202->0x0219,0x021f->0x0121
scrut	0x0000a3	xdb_scrut_main	natural_candidate_oracle_verified_codegen_mismatch	branch_incomplete	118	118	11	22	20	0x0202->0x0219,0x021f->0x0121
amer	0x000223	xdb_amer_mouse_camera_step	natural_candidate_oracle_verified_codegen_mismatch	complete	65	65	11	22	22	-
amer	0x0002f0	xdb_amer_vga_clear_and_sync	natural_candidate_oracle_verified_codegen_mismatch	complete	30	30	3	6	6	-
amer	0x000336	xdb_amer_mouse_bounds_set	natural_candidate_oracle_verified_codegen_mismatch	complete	9	9	0	0	0	-
amer	0x000347	xdb_amer_mouse_position_set	natural_candidate_oracle_verified_codegen_accepted	complete	5	5	0	0	0	-
amer	0x000958	xdb_amer_method_slot_6_wrap_positions	natural_candidate_oracle_verified_codegen_mismatch	complete	31	31	1	2	2	-
amer	0x000925	xdb_amer_method_slot_10_bounds_then_wrap	natural_candidate_oracle_verified_codegen_mismatch	complete	17	17	5	10	10	-
amer	0x0009ef	xdb_amer_method_slot_1_wave_update_or_init	natural_candidate_oracle_verified_codegen_mismatch	complete	100	100	13	26	26	-
amer	0x000b0f	xdb_amer_method_slot_11_anchor_state	natural_candidate_oracle_verified_codegen_accepted	complete	5	5	0	0	0	-
amer	0x000b1f	xdb_amer_method_slot_12_apply_delta	natural_candidate_oracle_verified_codegen_mismatch	complete	6	6	1	2	2	-
amer	0x00164c	xdb_amer_method_slot_2_dispatch_or_init	natural_candidate_oracle_verified_codegen_mismatch	complete	17	17	1	2	2	-
amer	0x0018d3	xdb_amer_slot2_return_update	natural_candidate_oracle_verified_codegen_mismatch	complete	29	29	1	2	2	-
amer	0x001a5c	xdb_amer_slot2_steer_update	natural_candidate_oracle_verified_codegen_mismatch	complete	18	18	2	4	4	-
amer	0x001688	xdb_amer_slot2_restart	natural_candidate_dos_linked_raw_control_flow_reviewed	no_direct_original_execution	2	0	0	0	0	-
amer	0x001692	xdb_amer_slot2_update	natural_candidate_dos_linked_raw_control_flow_reviewed	no_direct_original_execution	45	0	10	20	0	0x1699->0x169b,0x1699->0x16a6,0x16a2->0x16a6,0x16a2->0x193e,0x16a9->0x16ab,0x16a9->0x171d,0x16b4->0x16b8,0x16b4->0x1a2b,0x16bb->0x16bf,0x16bb->0x1a2b,0x16c3->0x16c7,0x16c3->0x1a2b,0x16cb->0x16cf,0x16cb->0x1a2b,0x16e4->0x16e6,0x16e4->0x16e8,0x170d->0x170f,0x170d->0x1712,0x1715->0x1717,0x1715->0x171a
amer	0x00171d	xdb_amer_slot2_common_update	natural_candidate_dos_linked_raw_control_flow_reviewed	no_direct_original_execution	120	0	10	20	0	0x172f->0x1731,0x172f->0x1752,0x1734->0x1736,0x1734->0x1752,0x173c->0x173e,0x173c->0x1752,0x1741->0x1743,0x1741->0x1752,0x1749->0x174b,0x1749->0x1752,0x174e->0x1752,0x174e->0x1816,0x1775->0x1777,0x1775->0x17da,0x177a->0x177c,0x177a->0x17a9,0x1818->0x1809,0x1818->0x181a,0x1878->0x187a,0x1878->0x187d
amer	0x00193e	xdb_amer_slot2_selection_wait	natural_candidate_dos_linked_raw_control_flow_reviewed	no_direct_original_execution	2	0	0	0	0	-
amer	0x001948	xdb_amer_slot2_selection_update	natural_candidate_dos_linked_raw_control_flow_reviewed	no_direct_original_execution	37	0	8	16	0	0x194f->0x1688,0x194f->0x1953,0x1960->0x1964,0x1960->0x1a2b,0x1968->0x196c,0x1968->0x1a2b,0x1970->0x1974,0x1970->0x1a2b,0x1977->0x1979,0x1977->0x19c0,0x198c->0x198e,0x198c->0x1991,0x19ad->0x19af,0x19ad->0x19b2,0x19b5->0x19b7,0x19b5->0x19ba
amer	0x0019cb	xdb_amer_slot2_selection_late_update	natural_candidate_dos_linked_raw_control_flow_reviewed	no_direct_original_execution	29	0	6	12	0	0x19d8->0x193e,0x19d8->0x19dc,0x19e0->0x19e2,0x19e0->0x1a2b,0x19e6->0x19e8,0x19e6->0x1a2b,0x1a01->0x1a03,0x1a01->0x1a06,0x1a18->0x1a1a,0x1a18->0x1a1d,0x1a20->0x1a22,0x1a20->0x1a25
amer	0x001a2b	xdb_amer_slot2_reset	natural_candidate_dos_linked_raw_control_flow_reviewed	no_direct_original_execution	13	0	0	0	0	-
amer	0x001aa0	xdb_amer_slot2_finish_update	natural_candidate_dos_linked_raw_control_flow_reviewed	no_direct_original_execution	38	0	8	16	0	0x1aa3->0x1a2b,0x1aa3->0x1aa5,0x1ab0->0x1ab2,0x1ab0->0x1ab5,0x1ab8->0x1aba,0x1ab8->0x1abd,0x1ad9->0x1adb,0x1ad9->0x1af5,0x1ade->0x1ae0,0x1ade->0x1af5,0x1ae4->0x1ae6,0x1ae4->0x1af5,0x1aea->0x1aec,0x1aea->0x1af5,0x1b11->0x1b13,0x1b11->0x1b16
amer	0x001b1a	xdb_amer_unreferenced_steering_update	natural_candidate_dos_linked_raw_control_flow_reviewed	no_direct_original_execution	22	0	2	4	0	0x1b45->0x1b47,0x1b45->0x1b4a,0x1b54->0x1b56,0x1b54->0x1b58
croolis	0x00171d	xdb_croolis_slot2_restart	natural_candidate_dos_linked_raw_control_flow_reviewed	no_direct_original_execution	2	0	0	0	0	-
croolis	0x001727	xdb_croolis_slot2_update	natural_candidate_dos_linked_raw_control_flow_reviewed	no_direct_original_execution	35	0	5	10	0	0x172e->0x1732,0x172e->0x1815,0x1735->0x1737,0x1735->0x178e,0x1743->0x1747,0x1743->0x1960,0x174f->0x1753,0x174f->0x1960,0x1768->0x176a,0x1768->0x176c
croolis	0x00178e	xdb_croolis_slot2_common_dispatch	natural_candidate_dos_linked_raw_control_flow_reviewed	no_direct_original_execution	2	0	1	2	0	0x1792->0x1794,0x1792->0x17e4
croolis	0x001794	xdb_croolis_slot2_motion_update	natural_candidate_dos_linked_raw_control_flow_reviewed	no_direct_original_execution	28	0	2	4	0	0x17a6->0x17a8,0x17a6->0x17ab,0x17ae->0x17b0,0x17ae->0x17b3
croolis	0x0017e4	xdb_croolis_slot2_begin_fade	natural_candidate_dos_linked_raw_control_flow_reviewed	no_direct_original_execution	3	0	0	0	0	-
croolis	0x0017f2	xdb_croolis_slot2_fade_update	natural_candidate_dos_linked_raw_control_flow_reviewed	no_direct_original_execution	10	0	1	2	0	0x17ff->0x1801,0x17ff->0x1806
croolis	0x001815	xdb_croolis_slot2_selection_init	natural_candidate_dos_linked_raw_control_flow_reviewed	no_direct_original_execution	3	0	0	0	0	-
croolis	0x001828	xdb_croolis_slot2_selection_update	natural_candidate_dos_linked_raw_control_flow_reviewed	no_direct_original_execution	88	0	14	28	0	0x182f->0x1833,0x182f->0x191f,0x183d->0x183f,0x183d->0x1845,0x1841->0x1845,0x1841->0x1940,0x184e->0x1852,0x184e->0x1939,0x1855->0x1859,0x1855->0x1939,0x1862->0x1866,0x1862->0x1939,0x186a->0x186e,0x186a->0x1939,0x1872->0x1876,0x1872->0x1932,0x1894->0x1896,0x1894->0x1899,0x189f->0x18a1,0x189f->0x18a4,0x18a7->0x18a9,0x18a7->0x18ac,0x18cc->0x18ce,0x18cc->0x18d1,0x18d4->0x18d6,0x18d4->0x18d9,0x18ee->0x18f0,0x18ee->0x18f7
croolis	0x001960	xdb_croolis_slot2_reset_or_camera	natural_candidate_dos_linked_raw_control_flow_reviewed	no_direct_original_execution	80	0	5	10	0	0x1971->0x1973,0x1971->0x19dd,0x1999->0x199b,0x1999->0x19a0,0x19b6->0x19b8,0x19b6->0x19bb,0x19c4->0x19c6,0x19c4->0x19ce,0x19d1->0x178e,0x19d1->0x19d5
croolis	0x001a86	xdb_croolis_unreferenced_steering_update	natural_candidate_dos_linked_raw_control_flow_reviewed	no_direct_original_execution	22	0	2	4	0	0x1ab1->0x1ab3,0x1ab1->0x1ab6,0x1ac0->0x1ac2,0x1ac0->0x1ac4
scrut	0x001711	xdb_scrut_slot2_restart	natural_candidate_dos_linked_raw_control_flow_reviewed	no_direct_original_execution	2	0	0	0	0	-
scrut	0x00171b	xdb_scrut_slot2_update	natural_candidate_dos_linked_raw_control_flow_reviewed	no_direct_original_execution	34	0	5	10	0	0x1722->0x1726,0x1722->0x1802,0x1729->0x172b,0x1729->0x1781,0x1737->0x173b,0x1737->0x1a11,0x1743->0x1747,0x1743->0x1a11,0x175c->0x175e,0x175c->0x1760
scrut	0x001781	xdb_scrut_slot2_common_dispatch	natural_candidate_dos_linked_raw_control_flow_reviewed	no_direct_original_execution	2	0	1	2	0	0x1785->0x1787,0x1785->0x17e0
scrut	0x001787	xdb_scrut_slot2_motion_update	natural_candidate_dos_linked_raw_control_flow_reviewed	no_direct_original_execution	34	0	3	6	0	0x179b->0x179d,0x179b->0x17a0,0x17a3->0x17a5,0x17a3->0x17a8,0x17dd->0x17d4,0x17dd->0x17df
scrut	0x0017e1	xdb_scrut_slot2_begin_fade	natural_candidate_dos_linked_raw_control_flow_reviewed	no_direct_original_execution	1	0	0	0	0	-
scrut	0x0017e6	xdb_scrut_slot2_fade_update	natural_candidate_dos_linked_raw_control_flow_reviewed	no_direct_original_execution	8	0	1	2	0	0x17ec->0x17ee,0x17ec->0x17f3
scrut	0x001802	xdb_scrut_slot2_selection_init	natural_candidate_dos_linked_raw_control_flow_reviewed	no_direct_original_execution	2	0	0	0	0	-
scrut	0x001810	xdb_scrut_slot2_selection_restart	natural_candidate_dos_linked_raw_control_flow_reviewed	no_direct_original_execution	3	0	0	0	0	-
scrut	0x00181b	xdb_scrut_slot2_selection_begin	natural_candidate_dos_linked_raw_control_flow_reviewed	no_direct_original_execution	15	0	4	8	0	0x1822->0x1826,0x1822->0x19cf,0x182c->0x1830,0x182c->0x1a11,0x1837->0x183b,0x1837->0x1a11,0x183f->0x1843,0x183f->0x1a11
scrut	0x001858	xdb_scrut_slot2_selection_damp	natural_candidate_dos_linked_raw_control_flow_reviewed	no_direct_original_execution	6	0	1	2	0	0x185b->0x185d,0x185b->0x1863
scrut	0x001868	xdb_scrut_slot2_selection_approach	natural_candidate_dos_linked_raw_control_flow_reviewed	no_direct_original_execution	35	0	4	8	0	0x186f->0x1873,0x186f->0x19cf,0x18bc->0x18be,0x18bc->0x18d3,0x18c7->0x18c9,0x18c7->0x18d3,0x18ce->0x18d2,0x18ce->0x1952
scrut	0x0018d9	xdb_scrut_slot2_steering_helper	natural_candidate_dos_linked_raw_control_flow_reviewed	no_direct_original_execution	46	0	7	14	0	0x18f6->0x18f8,0x18f6->0x1950,0x18fe->0x1900,0x18fe->0x1903,0x1906->0x1908,0x1906->0x190b,0x1913->0x1915,0x1913->0x191a,0x191d->0x191f,0x191d->0x1922,0x1925->0x1927,0x1925->0x192a,0x194b->0x1942,0x194b->0x194d
scrut	0x001952	xdb_scrut_slot2_finish_setup	natural_candidate_dos_linked_raw_control_flow_reviewed	no_direct_original_execution	1	0	0	0	0	-
scrut	0x001957	xdb_scrut_slot2_finish_update	natural_candidate_dos_linked_raw_control_flow_reviewed	no_direct_original_execution	31	0	3	6	0	0x1978->0x197a,0x1978->0x1995,0x198b->0x198d,0x198b->0x1994,0x1997->0x1999,0x1997->0x199e
scrut	0x0019cf	xdb_scrut_slot2_selection_reset_restart	natural_candidate_dos_linked_raw_control_flow_reviewed	no_direct_original_execution	12	0	0	0	0	-
scrut	0x001a03	xdb_scrut_slot2_active_reset_setup	natural_candidate_dos_linked_raw_control_flow_reviewed	no_direct_original_execution	2	0	0	0	0	-
scrut	0x001a11	xdb_scrut_slot2_reset_or_camera	natural_candidate_dos_linked_raw_control_flow_reviewed	no_direct_original_execution	81	0	5	10	0	0x1a22->0x1a24,0x1a22->0x1a92,0x1a4a->0x1a4c,0x1a4a->0x1a55,0x1a6b->0x1a6d,0x1a6b->0x1a70,0x1a79->0x1a7b,0x1a79->0x1a83,0x1a86->0x1781,0x1a86->0x1a8a
scrut	0x001b3b	xdb_scrut_unreferenced_steering_update	natural_candidate_dos_linked_raw_control_flow_reviewed	no_direct_original_execution	22	0	2	4	0	0x1b66->0x1b68,0x1b66->0x1b6b,0x1b75->0x1b77,0x1b75->0x1b79
amer	0x001286	xdb_amer_method_slot_3_update_or_init	natural_candidate_oracle_verified_codegen_mismatch	complete	76	76	7	14	14	-
amer	0x001b5f	xdb_amer_method_slot_8_apply_sample_delta	natural_candidate_oracle_verified_codegen_mismatch	complete	17	17	1	2	2	-
amer	0x001b8f	xdb_amer_method_slot_9_apply_scaled_sample_delta	natural_candidate_oracle_verified_codegen_mismatch	complete	18	18	1	2	2	-
amer	0x001dd6	xdb_amer_method_noop	natural_candidate_oracle_verified_codegen_accepted	complete	1	1	0	0	0	-
amer	0x001bea	xdb_amer_method_slot_13_resume_or_init	natural_candidate_oracle_verified_codegen_mismatch	complete	8	8	1	2	2	-
croolis	0x00022a	xdb_croolis_mouse_camera_step	natural_candidate_oracle_verified_codegen_mismatch	complete	70	69	12	24	24	-
croolis	0x00034b	xdb_croolis_mouse_bounds_set	natural_candidate_oracle_verified_codegen_mismatch	complete	9	9	0	0	0	-
croolis	0x000305	xdb_croolis_vga_clear_and_sync	natural_candidate_oracle_verified_codegen_mismatch	complete	30	30	3	6	6	-
croolis	0x00035c	xdb_croolis_mouse_position_set	natural_candidate_oracle_verified_codegen_accepted	complete	5	5	0	0	0	-
croolis	0x000999	xdb_croolis_method_slot_6_wrap_positions	natural_candidate_oracle_verified_codegen_mismatch	complete	31	31	1	2	2	-
croolis	0x000966	xdb_croolis_method_slot_10_bounds_then_wrap	natural_candidate_oracle_verified_codegen_mismatch	complete	17	17	5	10	10	-
croolis	0x000a30	xdb_croolis_method_slot_1_wave_update_or_init	natural_candidate_oracle_verified_codegen_mismatch	complete	100	100	13	26	26	-
croolis	0x000b50	xdb_croolis_method_slot_11_anchor_state	natural_candidate_oracle_verified_codegen_accepted	complete	5	5	0	0	0	-
croolis	0x000b60	xdb_croolis_method_slot_12_apply_delta	natural_candidate_oracle_verified_codegen_mismatch	complete	6	6	1	2	2	-
croolis	0x0016a4	xdb_croolis_method_slot_2_4_dispatch_or_init	natural_candidate_oracle_verified_codegen_mismatch	complete	33	33	2	4	4	-
croolis	0x0012de	xdb_croolis_method_slot_3_update_or_init	natural_candidate_oracle_verified_codegen_mismatch	complete	76	76	7	14	14	-
croolis	0x001acb	xdb_croolis_method_slot_8_apply_sample_delta	natural_candidate_oracle_verified_codegen_mismatch	complete	17	17	1	2	2	-
croolis	0x001afb	xdb_croolis_method_slot_9_apply_scaled_sample_delta	natural_candidate_oracle_verified_codegen_mismatch	complete	18	18	1	2	2	-
croolis	0x001d27	xdb_croolis_method_noop	natural_candidate_oracle_verified_codegen_accepted	complete	1	1	0	0	0	-
croolis	0x001b46	xdb_croolis_method_slot_13_resume_or_init	natural_candidate_oracle_verified_codegen_mismatch	complete	8	8	1	2	2	-
manu3	0x000000	xdb_manu3_api_entry	natural_candidate_oracle_verified_codegen_mismatch	complete	83	83	4	8	8	-
manu3	0x000121	xdb_manu3_init_protocol	natural_candidate_oracle_verified_codegen_mismatch	complete	14	14	0	0	0	-
manu3	0x000150	xdb_manu3_frame_step	natural_candidate_oracle_verified_codegen_mismatch	complete	17	17	1	2	2	-
manu3	0x00017c	xdb_manu3_anim_select_entry	natural_candidate_oracle_verified_codegen_accepted	complete	2	2	0	0	0	-
manu3	0x000181	xdb_manu3_anim_select	natural_candidate_oracle_verified_codegen_mismatch	complete	8	8	0	0	0	-
manu3	0x00019b	xdb_manu3_tween_step	natural_candidate_oracle_verified_codegen_mismatch	complete	58	58	9	18	18	-
manu3	0x0001df	xdb_manu3_tween_constructor	natural_candidate_oracle_verified_codegen_mismatch	complete	49	49	5	10	10	-
manu3	0x000270	xdb_manu3_matrix_build	natural_candidate_oracle_verified_codegen_mismatch	complete	198	198	2	4	4	-
manu3	0x000549	xdb_manu3_entity_project	natural_candidate_oracle_verified_codegen_mismatch	complete	104	104	14	28	28	-
manu3	0x0006f6	xdb_manu3_face_builder_next	natural_candidate_oracle_verified_codegen_mismatch	complete	2	2	0	0	0	-
manu3	0x000700	xdb_manu3_face_bucket_sort	natural_candidate_oracle_verified_codegen_mismatch	branch_incomplete	543	396	75	150	78	0x085c->0x085e,0x085c->0x0864,0x0862->0x0855,0x0862->0x0864,0x0898->0x0849,0x08a2->0x088c,0x08b3->0x08b5,0x08bf->0x08d1,0x08cf->0x08c6,0x08f5->0x08ee,0x093b->0x093d,0x093b->0x0946,0x0944->0x0937,0x0944->0x0946,0x0957->0x0950,0x095e->0x0921,0x0977->0x09ce,0x097b->0x0a30,0x097f->0x09f3,0x0992->0x0994,0x0997->0x098d,0x0997->0x0999,0x09d7->0x09d9,0x09d7->0x09f3,0x0a00->0x0a04,0x0a00->0x0bc9,0x0a09->0x0a0b,0x0a09->0x0a1c,0x0a0e->0x0a04,0x0a0e->0x0a10,0x0a34->0x0a38,0x0a34->0x0bc3,0x0a3e->0x0a40,0x0a3e->0x0a89,0x0a52->0x0a54,0x0a52->0x0a60,0x0a5c->0x0a4e,0x0a5c->0x0a5e,0x0a78->0x0a7a,0x0a78->0x0a83,0x0a81->0x0a4e,0x0a81->0x0a83,0x0a8f->0x0a91,0x0a8f->0x0a9f,0x0ac9->0x0c91,0x0acd->0x0b2d,0x0ae5->0x0c91,0x0b0c->0x0b2d,0x0b27->0x0c91,0x0b2b->0x0b0e,0x0b39->0x0b6e,0x0b42->0x0b80,0x0b74->0x0b2d,0x0b76->0x0b0e,0x0bab->0x0b99,0x0bab->0x0bad,0x0bb8->0x0b2d,0x0bb8->0x0bbc,0x0bbc->0x0b0e,0x0bbc->0x0bc0,0x0be0->0x0c91,0x0be4->0x0c04,0x0bfe->0x0c91,0x0c02->0x0be6,0x0c10->0x0c44,0x0c4a->0x0c04,0x0c4c->0x0be6,0x0c89->0x0c04,0x0c8d->0x0be6,0x0d14->0x0d16,0x0d57->0x0d5b,0x0d76->0x0d7a
manu3	0x000d7d	xdb_manu3_face_activate	natural_candidate_oracle_verified_codegen_mismatch	branch_incomplete	424	401	20	40	28	0x1187->0x118b,0x1191->0x118e,0x1197->0x118e,0x11af->0x118e,0x12e6->0x12e8,0x1341->0x1343,0x1347->0x1349,0x1347->0x135b,0x1351->0x1349,0x1353->0x1355,0x1359->0x1349,0x1359->0x135b
scrut	0x00022a	xdb_scrut_mouse_camera_step	natural_candidate_oracle_verified_codegen_mismatch	complete	70	69	12	24	24	-
scrut	0x000b55	xdb_scrut_method_slot_11_anchor_state	natural_candidate_oracle_verified_codegen_accepted	complete	5	5	0	0	0	-
scrut	0x000b65	xdb_scrut_method_slot_12_lower_state	natural_candidate_oracle_verified_codegen_mismatch	complete	4	4	0	0	0	-
scrut	0x001692	xdb_scrut_method_slot_2_4_dispatch_or_init	natural_candidate_oracle_verified_codegen_mismatch	complete	35	35	2	4	4	-
scrut	0x0012cc	xdb_scrut_method_slot_3_update_or_init	natural_candidate_oracle_verified_codegen_mismatch	complete	76	76	7	14	14	-
scrut	0x001b80	xdb_scrut_method_slot_8_apply_sample_delta	natural_candidate_oracle_verified_codegen_mismatch	complete	17	17	1	2	2	-
scrut	0x001bb0	xdb_scrut_method_slot_9_apply_scaled_sample_delta	natural_candidate_oracle_verified_codegen_mismatch	complete	18	18	1	2	2	-
scrut	0x001de7	xdb_scrut_method_noop	natural_candidate_oracle_verified_codegen_accepted	complete	1	1	0	0	0	-
scrut	0x001bfb	xdb_scrut_method_slot_13_resume_or_init	natural_candidate_oracle_verified_codegen_mismatch	complete	8	8	1	2	2	-
scrut	0x00034b	xdb_scrut_mouse_bounds_set	natural_candidate_oracle_verified_codegen_mismatch	complete	9	9	0	0	0	-
scrut	0x000305	xdb_scrut_vga_clear_and_sync	natural_candidate_oracle_verified_codegen_mismatch	complete	30	30	3	6	6	-
scrut	0x00035c	xdb_scrut_mouse_position_set	natural_candidate_oracle_verified_codegen_accepted	complete	5	5	0	0	0	-
scrut	0x000999	xdb_scrut_method_slot_6_wrap_positions	natural_candidate_oracle_verified_codegen_mismatch	complete	31	31	1	2	2	-
scrut	0x000966	xdb_scrut_method_slot_10_bounds_then_wrap	natural_candidate_oracle_verified_codegen_mismatch	complete	17	17	5	10	10	-
scrut	0x000a35	xdb_scrut_method_slot_1_wave_update_or_init	natural_candidate_oracle_verified_codegen_mismatch	complete	101	101	13	26	26	-
amer	0x001dd8	xdb_amer_camera_matrix_update	natural_candidate_oracle_verified_codegen_mismatch	complete	151	151	1	2	2	-
croolis	0x001e1d	xdb_croolis_camera_matrix_update	natural_candidate_oracle_verified_codegen_mismatch	complete	151	151	1	2	2	-
scrut	0x001edd	xdb_scrut_camera_matrix_update	natural_candidate_oracle_verified_codegen_mismatch	complete	151	151	1	2	2	-
amer	0x000355	xdb_amer_method_slot_7_palette_update	natural_candidate_oracle_verified_codegen_mismatch	complete	106	106	15	30	30	-
croolis	0x00036a	xdb_croolis_method_slot_7_palette_update	natural_candidate_oracle_verified_codegen_mismatch	complete	121	121	16	32	32	-
scrut	0x00036a	xdb_scrut_method_slot_7_palette_update	natural_candidate_oracle_verified_codegen_mismatch	complete	121	121	16	32	32	-
amer	0x002027	xdb_amer_transform_and_project	natural_candidate_oracle_verified_codegen_mismatch	branch_incomplete	334	317	18	36	34	0x248f->0x2491,0x248f->0x249a
croolis	0x00206c	xdb_croolis_transform_and_project	natural_candidate_oracle_verified_codegen_mismatch	branch_incomplete	334	317	18	36	34	0x24d4->0x24d6,0x24d4->0x24df
scrut	0x00212c	xdb_scrut_transform_and_project	natural_candidate_oracle_verified_codegen_mismatch	branch_incomplete	334	317	18	36	34	0x2594->0x2596,0x2594->0x259f
amer	0x00059b	xdb_amer_project_primary_mesh_then_render	natural_candidate_oracle_verified_codegen_mismatch	branch_incomplete	125	125	16	32	31	0x0710->0x0723
croolis	0x0005dc	xdb_croolis_project_primary_mesh_then_render	natural_candidate_oracle_verified_codegen_mismatch	branch_incomplete	125	125	16	32	31	0x0751->0x0764
scrut	0x0005dc	xdb_scrut_project_primary_mesh_then_render	natural_candidate_oracle_verified_codegen_mismatch	branch_incomplete	125	125	16	32	31	0x0751->0x0764
amer	0x000734	xdb_amer_render_starfield	natural_candidate_oracle_verified_codegen_mismatch	complete	154	154	15	30	30	-
croolis	0x000775	xdb_croolis_render_starfield	natural_candidate_oracle_verified_codegen_mismatch	complete	154	154	15	30	30	-
scrut	0x000775	xdb_scrut_render_starfield	natural_candidate_oracle_verified_codegen_mismatch	complete	154	154	15	30	30	-
amer	0x0024cf	xdb_amer_bucket_faces_then_render	natural_candidate_oracle_verified_codegen_mismatch	branch_incomplete	61	61	10	20	19	0x254f->0x2562
croolis	0x002514	xdb_croolis_bucket_faces_then_render	natural_candidate_oracle_verified_codegen_mismatch	branch_incomplete	67	67	11	22	21	0x259b->0x25ae
scrut	0x0025d4	xdb_scrut_bucket_faces_then_render	natural_candidate_oracle_verified_codegen_mismatch	branch_incomplete	67	67	11	22	21	0x265b->0x266e
amer	0x002572	xdb_amer_render_face_buckets	natural_candidate_oracle_verified_codegen_mismatch	branch_incomplete	489	349	67	134	62	0x2659->0x265b,0x2659->0x2661,0x265f->0x2652,0x265f->0x2661,0x2695->0x2646,0x269f->0x2689,0x26b0->0x26b2,0x26bc->0x26ce,0x26cc->0x26c3,0x26f2->0x26eb,0x2738->0x273a,0x2738->0x2743,0x2741->0x2734,0x2741->0x2743,0x2754->0x274d,0x275b->0x271e,0x2774->0x27cb,0x2778->0x282d,0x277c->0x27f0,0x278f->0x2791,0x2794->0x278a,0x2794->0x2796,0x27d4->0x27d6,0x27d4->0x27f0,0x27fd->0x2801,0x27fd->0x29b9,0x2806->0x2808,0x2806->0x2819,0x280b->0x2801,0x280b->0x280d,0x2831->0x2835,0x2831->0x29b3,0x283b->0x283d,0x283b->0x2886,0x284f->0x2851,0x284f->0x285d,0x2859->0x284b,0x2859->0x285b,0x2875->0x2877,0x2875->0x2880,0x287e->0x284b,0x287e->0x2880,0x288c->0x288e,0x288c->0x289c,0x28c6->0x2a81,0x28ca->0x291d,0x28d5->0x2a81,0x28fc->0x291d,0x2917->0x2a81,0x291b->0x28fe,0x2929->0x295e,0x2932->0x2970,0x2964->0x291d,0x2966->0x28fe,0x299b->0x2989,0x299b->0x299d,0x29a8->0x291d,0x29a8->0x29ac,0x29ac->0x28fe,0x29ac->0x29b0,0x29d0->0x2a81,0x29d4->0x29f4,0x29ee->0x2a81,0x29f2->0x29d6,0x2a00->0x2a34,0x2a3a->0x29f4,0x2a3c->0x29d6,0x2a79->0x29f4,0x2a7d->0x29d6,0x2b04->0x2b06,0x2b47->0x2b4b,0x2b66->0x2b6a
croolis	0x0025d6	xdb_croolis_render_face_buckets	natural_candidate_oracle_verified_codegen_mismatch	branch_incomplete	495	349	67	134	62	0x26bd->0x26bf,0x26bd->0x26c5,0x26c3->0x26b6,0x26c3->0x26c5,0x26f9->0x26aa,0x2703->0x26ed,0x2714->0x2716,0x2720->0x2732,0x2730->0x2727,0x2756->0x274f,0x279c->0x279e,0x279c->0x27a7,0x27a5->0x2798,0x27a5->0x27a7,0x27b8->0x27b1,0x27bf->0x2782,0x27d8->0x282f,0x27dc->0x2891,0x27e0->0x2854,0x27f3->0x27f5,0x27f8->0x27ee,0x27f8->0x27fa,0x2838->0x283a,0x2838->0x2854,0x2861->0x2865,0x2861->0x2a29,0x286a->0x286c,0x286a->0x287d,0x286f->0x2865,0x286f->0x2871,0x2895->0x2899,0x2895->0x2a23,0x289f->0x28a1,0x289f->0x28ea,0x28b3->0x28b5,0x28b3->0x28c1,0x28bd->0x28af,0x28bd->0x28bf,0x28d9->0x28db,0x28d9->0x28e4,0x28e2->0x28af,0x28e2->0x28e4,0x28f0->0x28f2,0x28f0->0x2900,0x292a->0x2af1,0x292e->0x298d,0x2945->0x2af1,0x296c->0x298d,0x2987->0x2af1,0x298b->0x296e,0x2999->0x29ce,0x29a2->0x29e0,0x29d4->0x298d,0x29d6->0x296e,0x2a0b->0x29f9,0x2a0b->0x2a0d,0x2a18->0x298d,0x2a18->0x2a1c,0x2a1c->0x296e,0x2a1c->0x2a20,0x2a40->0x2af1,0x2a44->0x2a64,0x2a5e->0x2af1,0x2a62->0x2a46,0x2a70->0x2aa4,0x2aaa->0x2a64,0x2aac->0x2a46,0x2ae9->0x2a64,0x2aed->0x2a46,0x2b74->0x2b76,0x2bb7->0x2bbb,0x2bd6->0x2bda
scrut	0x002696	xdb_scrut_render_face_buckets	natural_candidate_oracle_verified_codegen_mismatch	branch_incomplete	495	349	67	134	62	0x277d->0x277f,0x277d->0x2785,0x2783->0x2776,0x2783->0x2785,0x27b9->0x276a,0x27c3->0x27ad,0x27d4->0x27d6,0x27e0->0x27f2,0x27f0->0x27e7,0x2816->0x280f,0x285c->0x285e,0x285c->0x2867,0x2865->0x2858,0x2865->0x2867,0x2878->0x2871,0x287f->0x2842,0x2898->0x28ef,0x289c->0x2951,0x28a0->0x2914,0x28b3->0x28b5,0x28b8->0x28ae,0x28b8->0x28ba,0x28f8->0x28fa,0x28f8->0x2914,0x2921->0x2925,0x2921->0x2ae9,0x292a->0x292c,0x292a->0x293d,0x292f->0x2925,0x292f->0x2931,0x2955->0x2959,0x2955->0x2ae3,0x295f->0x2961,0x295f->0x29aa,0x2973->0x2975,0x2973->0x2981,0x297d->0x296f,0x297d->0x297f,0x2999->0x299b,0x2999->0x29a4,0x29a2->0x296f,0x29a2->0x29a4,0x29b0->0x29b2,0x29b0->0x29c0,0x29ea->0x2bb1,0x29ee->0x2a4d,0x2a05->0x2bb1,0x2a2c->0x2a4d,0x2a47->0x2bb1,0x2a4b->0x2a2e,0x2a59->0x2a8e,0x2a62->0x2aa0,0x2a94->0x2a4d,0x2a96->0x2a2e,0x2acb->0x2ab9,0x2acb->0x2acd,0x2ad8->0x2a4d,0x2ad8->0x2adc,0x2adc->0x2a2e,0x2adc->0x2ae0,0x2b00->0x2bb1,0x2b04->0x2b24,0x2b1e->0x2bb1,0x2b22->0x2b06,0x2b30->0x2b64,0x2b6a->0x2b24,0x2b6c->0x2b06,0x2ba9->0x2b24,0x2bad->0x2b06,0x2c34->0x2c36,0x2c77->0x2c7b,0x2c96->0x2c9a
amer	0x002b6d	xdb_amer_face_activate	natural_candidate_oracle_verified_codegen_mismatch	branch_incomplete	424	401	20	40	30	0x2f77->0x2f7b,0x2f81->0x2f7e,0x30d6->0x30d8,0x3131->0x3133,0x3137->0x3139,0x3137->0x314b,0x3141->0x3139,0x3143->0x3145,0x3149->0x3139,0x3149->0x314b
croolis	0x002bdd	xdb_croolis_face_activate	natural_candidate_oracle_verified_codegen_mismatch	branch_incomplete	424	401	20	40	30	0x2fe7->0x2feb,0x2ff1->0x2fee,0x3146->0x3148,0x31a1->0x31a3,0x31a7->0x31a9,0x31a7->0x31bb,0x31b1->0x31a9,0x31b3->0x31b5,0x31b9->0x31a9,0x31b9->0x31bb
scrut	0x002c9d	xdb_scrut_face_activate	natural_candidate_oracle_verified_codegen_mismatch	branch_incomplete	424	401	20	40	30	0x30a7->0x30ab,0x30b1->0x30ae,0x3206->0x3208,0x3261->0x3263,0x3267->0x3269,0x3267->0x327b,0x3271->0x3269,0x3273->0x3275,0x3279->0x3269,0x3279->0x327b
croolis	0x000b78	xdb_croolis_slot1_wave_update	natural_candidate_oracle_verified_codegen_mismatch	complete	38	38	3	6	6	-
croolis	0x000c24	xdb_croolis_slot1_finish_update	natural_candidate_compiled_raw_control_flow_reviewed	no_direct_original_execution	7	0	0	0	0	-
croolis	0x000c3e	xdb_croolis_slot1_state_update	natural_candidate_compiled_raw_control_flow_reviewed	no_direct_original_execution	28	0	6	12	0	0x0c45->0x0c49,0x0c45->0x0d04,0x0c4f->0x0c53,0x0c4f->0x0d04,0x0c56->0x0c5a,0x0c56->0x0d04,0x0c60->0x0c64,0x0c60->0x0d04,0x0c67->0x0c6b,0x0c67->0x0d04,0x0c76->0x0c78,0x0c76->0x0cb5
croolis	0x000cb5	xdb_croolis_slot1_camera_update	natural_candidate_compiled_raw_control_flow_reviewed	no_direct_original_execution	12	0	0	0	0	-
croolis	0x000cd9	xdb_croolis_slot1_motion_update	natural_candidate_compiled_raw_control_flow_reviewed	no_direct_original_execution	10	0	1	2	0	0x0cec->0x0cee,0x0cec->0x0cf8
croolis	0x000cf9	xdb_croolis_slot1_return_update	natural_candidate_compiled_raw_control_flow_reviewed	no_direct_original_execution	4	0	1	2	0	0x0cfc->0x0cfe,0x0cfc->0x0d03
croolis	0x000d04	xdb_croolis_slot1_motion_continuation	natural_candidate_compiled_raw_control_flow_reviewed	no_direct_original_execution	62	0	6	12	0	0x0d0c->0x0d0e,0x0d0c->0x0d87,0x0d24->0x0d26,0x0d24->0x0d48,0x0d2d->0x0d2f,0x0d2d->0x0d48,0x0d3d->0x0d3f,0x0d3d->0x0d48,0x0d46->0x0d48,0x0d46->0x0d5d,0x0d6f->0x0d71,0x0d6f->0x0d73
scrut	0x000b78	xdb_scrut_slot1_wave_update	natural_candidate_oracle_verified_codegen_mismatch	complete	36	36	3	6	6	-
scrut	0x000c18	xdb_scrut_slot1_finish_update	natural_candidate_compiled_raw_control_flow_reviewed	no_direct_original_execution	7	0	0	0	0	-
scrut	0x000c32	xdb_scrut_slot1_state_update	natural_candidate_compiled_raw_control_flow_reviewed	no_direct_original_execution	27	0	6	12	0	0x0c39->0x0c3d,0x0c39->0x0cf2,0x0c43->0x0c47,0x0c43->0x0cf2,0x0c4a->0x0c4e,0x0c4a->0x0cf2,0x0c54->0x0c58,0x0c54->0x0cf2,0x0c5b->0x0c5f,0x0c5b->0x0cf2,0x0c6a->0x0c6c,0x0c6a->0x0ca3
scrut	0x000ca3	xdb_scrut_slot1_camera_update	natural_candidate_compiled_raw_control_flow_reviewed	no_direct_original_execution	12	0	0	0	0	-
scrut	0x000cc7	xdb_scrut_slot1_motion_update	natural_candidate_compiled_raw_control_flow_reviewed	no_direct_original_execution	10	0	1	2	0	0x0cda->0x0cdc,0x0cda->0x0ce6
scrut	0x000ce7	xdb_scrut_slot1_return_update	natural_candidate_compiled_raw_control_flow_reviewed	no_direct_original_execution	4	0	1	2	0	0x0cea->0x0cec,0x0cea->0x0cf1
scrut	0x000cf2	xdb_scrut_slot1_motion_continuation	natural_candidate_compiled_raw_control_flow_reviewed	no_direct_original_execution	62	0	6	12	0	0x0cfa->0x0cfc,0x0cfa->0x0d75,0x0d12->0x0d14,0x0d12->0x0d36,0x0d1b->0x0d1d,0x0d1b->0x0d36,0x0d2b->0x0d2d,0x0d2b->0x0d36,0x0d34->0x0d36,0x0d34->0x0d4b,0x0d5d->0x0d5f,0x0d5d->0x0d61
